{
  "hash": "ec0d5cd5",
  "configHash": "56214137",
  "lockfileHash": "43b8ca38",
  "browserHash": "ee5d11f2",
  "optimized": {
    "@angular/common": {
      "src": "../../../../../node_modules/@angular/common/fesm2022/common.mjs",
      "file": "@angular_common.js",
      "fileHash": "7d55cb33",
      "needsInterop": false
    },
    "@angular/common/http": {
      "src": "../../../../../node_modules/@angular/common/fesm2022/http.mjs",
      "file": "@angular_common_http.js",
      "fileHash": "05086ffd",
      "needsInterop": false
    },
    "@angular/core": {
      "src": "../../../../../node_modules/@angular/core/fesm2022/core.mjs",
      "file": "@angular_core.js",
      "fileHash": "e91ee72e",
      "needsInterop": false
    },
    "@angular/forms": {
      "src": "../../../../../node_modules/@angular/forms/fesm2022/forms.mjs",
      "file": "@angular_forms.js",
      "fileHash": "099a65e4",
      "needsInterop": false
    },
    "@angular/platform-browser": {
      "src": "../../../../../node_modules/@angular/platform-browser/fesm2022/platform-browser.mjs",
      "file": "@angular_platform-browser.js",
      "fileHash": "2fe15e68",
      "needsInterop": false
    },
    "@angular/router": {
      "src": "../../../../../node_modules/@angular/router/fesm2022/router.mjs",
      "file": "@angular_router.js",
      "fileHash": "9118992d",
      "needsInterop": false
    }
  },
  "chunks": {
    "chunk-HNSCI2FA": {
      "file": "chunk-HNSCI2FA.js"
    },
    "chunk-5MDLDFBM": {
      "file": "chunk-5MDLDFBM.js"
    },
    "chunk-JCCGAHCX": {
      "file": "chunk-JCCGAHCX.js"
    },
    "chunk-FLSG4Q2H": {
      "file": "chunk-FLSG4Q2H.js"
    }
  }
}